health_individual,health,career,rights,mental,disable,education,maternal_reproductive,community_empowerment,elderly,immigrant,mother,rural,poverty
配型,健康,就业,性别平等,心理,残疾,教育,哺乳,赋能,老人,流动,母亲,乡村,低保
移植,癌,创业,平等,自闭,残障,学费,月经,她力量,老年,务工,妈妈,留守,
大病,癌症,培训,权力,孤独症,聋,助学,产检,社区,老龄,,,山村,
肝源,筛查,失业,权利,抑郁,哑,奖学金,产后,增能,,,,农村,
肾,医疗,增收,家暴,情绪,孤残,教室,母乳,赋权,,,,,
手术,症状,职业,性侵,精神病,障碍,圆梦,青春期,写作,,,,,
医药费,疾病,孵化,暴力,,盲,上学,妊娠,领导力,,,,,
高额,肿瘤,创收,法律,,助残,学校,怀孕,尊重,,,,,
手术费,瘤,收入,法援,,听障,学生,不孕,,,,,,
重症,治疗,产业,权益,,,书包,卫生巾,,,,,,
医疗费,两癌,技能,维权,,,小学,卫生用品,,,,,,
治疗费,体检,养殖,安全,,,就读,生理,,,,,,
重疾,患病,致富,防卫,,,,HPV,,,,,,
,预防,手工,,,,,,,,,,,
,,求职,,,,,,,,,,,
,,生计,,,,,,,,,,,
,,合作社,,,,,,,,,,,